u_2,u_3,u_6,P_g2_mw,P_g3_mw,P_g6_mw,P_s8_mw,P_load_total_mw,label,critical_real,critical_imag,slack_power_mw
0,0,1,0.0,0.0,34.67934952843721,93.21212970727726,216.3302856561658,1,0.5908503415647041,3.6055745312357685,92.2426013700509
0,0,1,0.0,0.0,35.09739175308249,44.50763058826466,246.68046731733645,0,-0.1991733812291886,0.0,175.00017645444436
0,0,1,0.0,0.0,36.22179229441163,95.95584059072753,207.85873347718208,1,0.9421542235329974,3.3444797617380355,79.03041391101918
0,0,1,0.0,0.0,31.602120338578445,94.45015841709213,184.85789630857687,1,0.815032225172813,3.2321767362628653,61.18929665950095
0,0,1,0.0,0.0,30.713605575471924,51.48888202713703,241.5341727191603,0,-0.1989831588070178,0.0,166.55487627214256
0,0,1,0.0,0.0,39.171677731928526,94.51690501796404,247.96487052658674,1,0.7004649273861284,3.7688077742976485,120.0794495477969
0,0,1,0.0,0.0,34.96873435393504,92.99005968810933,180.54299410831513,1,0.651281053765872,3.2863622076654315,54.702369743852074
0,0,1,0.0,0.0,31.924021439853107,94.76812848352736,205.8854344935345,1,0.8077639910721046,3.4200286092898864,82.5429951831533
0,0,1,0.0,0.0,40.195816197368465,84.71502463658693,264.82283814702583,0,-0.19636751337100258,0.0,147.0917838451651
0,0,1,0.0,0.0,37.41770947361857,92.36598242025218,251.5923237051523,1,0.4352345508828478,3.9040621680467322,127.95689487718805
0,0,1,0.0,0.0,35.0777223630035,95.48535750677152,227.44886200088024,1,0.857677215049107,3.5553419638905304,101.41296162025364
0,0,1,0.0,0.0,35.98184067207213,92.23700656938202,230.987940345082,1,0.44533733120774677,3.76521473106436,107.43431316305951
0,0,1,0.0,0.0,37.58892343100625,97.87478844112216,258.1486850358841,1,1.1739542344072773,3.5855356744001483,129.5323742808794
0,0,1,0.0,0.0,36.050562538298514,94.55198632315333,269.7531517245524,1,0.7291061909573977,3.9220976146022215,147.05427579784183
0,0,1,0.0,0.0,31.507880191683686,93.76125386875275,211.11427495675863,1,0.6767088619621431,3.5332071423745757,89.47356880299269
0,0,1,0.0,0.0,34.3000807471176,67.1765162611285,219.28238333612083,0,-0.19844684617609543,0.0,122.20909817645456
0,0,1,0.0,0.0,38.740770261495044,94.64885895335381,196.6254747977908,1,0.7987068087057082,3.336731564060534,65.94935675335432
0,0,1,0.0,0.0,35.69719147859277,92.58183981504371,204.79245029464957,1,0.537381837741871,3.5397368275205934,79.6458122808952
0,0,1,0.0,0.0,48.55811369489049,55.23264876672638,203.1937563418129,0,-0.1990169889603419,0.0,102.73970876484913
0,0,1,0.0,0.0,38.8405689419647,94.56628682088993,255.42436551987453,1,0.7070265454264467,3.8183953943069553,128.44855044527742
0,0,1,0.0,0.0,33.7628783612992,93.64382112862852,211.10424212615723,1,0.6555035576448008,3.5381852150479984,87.2438767504502
0,0,1,0.0,0.0,30.38057286691239,95.50487523243709,241.73874970078796,1,0.8747150777431565,3.6738333241073002,121.6349942414422
0,0,1,0.0,0.0,30.503937416035207,37.218527256520396,183.03361651223548,0,-0.1995473627406832,0.0,118.9533818708178
0,0,1,0.0,0.0,31.228921022050095,95.86859294158947,267.2446451857694,1,0.9383160754356668,3.831866599666261,148.1561950796458
0,0,1,0.0,0.0,33.44210666996026,94.36116392915886,270.7241165896336,1,0.723078966779799,3.946982085278949,151.0880772635423
0,0,1,0.0,0.0,35.130035828222084,94.90339768220434,209.35055984761067,1,0.80955386130864,3.4404761341647445,82.75019022192086
0,0,1,0.0,0.0,31.98521147992673,93.45250780220141,203.0398770200624,1,0.6537288868481337,3.479023694302792,80.77506143060818
0,0,1,0.0,0.0,33.460614391124786,95.79249624564326,255.91271735776462,1,0.9008386146510596,3.7531405395961897,133.46370645448303
0,0,1,0.0,0.0,38.88956419294227,98.03947508805895,248.1534526474437,1,1.18498780573438,3.4940656971655426,117.1739356310083
0,0,1,0.0,0.0,34.11646149906888,95.69103830467387,188.18297456179627,1,0.9531227338411887,3.1653611854300414,60.86790294604919
0,0,1,0.0,0.0,35.01998493329516,80.60391472621087,269.7559644638112,0,-0.19698440256502264,0.0,162.22241646049144
0,0,1,0.0,0.0,33.32681459211325,93.59310223871748,206.19481538209814,1,0.6603421793057856,3.4982958121286765,82.57043414609896
0,0,1,0.0,0.0,33.06659490888872,95.84540337894583,241.48504950590416,1,0.905957566832223,3.6431007401848916,118.20536052866122
0,0,1,0.0,0.0,36.28100854864907,94.54090473559886,203.64163479953075,1,0.7735601540138046,3.412625272872704,75.91717005220869
0,0,1,0.0,0.0,46.304435765835436,72.9989249002065,194.15436872793543,0,-0.19827122441464193,0.0,77.2840059433909
0,0,1,0.0,0.0,35.23304152975177,95.66254174040293,185.22166337817075,1,0.954991602165224,3.134458697396204,56.678637044370376
0,0,1,0.0,0.0,30.30288833931602,92.08086229342459,212.8866119547787,1,0.47788952890200365,3.6373277258240524,94.25263243456263
0,0,1,0.0,0.0,30.77971682066091,59.03878678348518,201.24201696199745,0,-0.19889016690870262,0.0,115.13542879145307
0,0,1,0.0,0.0,36.77873708567309,92.08430141777556,220.6447318484798,1,0.4412932920519687,3.691979429504233,95.7488618451917
0,0,1,0.0,0.0,36.58026081611726,94.4430031424541,204.62993472099492,1,0.758777223152078,3.4283419633269276,76.74216472084117
0,0,1,0.0,0.0,49.201418340523524,85.40090713418452,185.76624868156475,0,-0.1939717163612933,3.5872735251831593,53.1479162372532
0,0,1,0.0,0.0,33.386600833802184,93.27201279144913,194.0888746290436,1,0.6497505072118239,3.405297282690138,70.13176687586316
0,0,1,0.0,0.0,36.26611819328121,95.18983270146533,221.06769597214117,1,0.823279245378693,3.522173626612594,93.68145506852716
0,0,1,0.0,0.0,38.62809234918735,95.18850765138451,196.29289450468386,1,0.8657744404488117,3.2924636803725797,65.19233572980974
0,0,1,0.0,0.0,45.33718313476311,88.26207199019183,205.43926652281704,1,0.030010405623043225,3.689575257014607,74.7023890753899
0,0,1,0.0,0.0,35.73641179498523,94.55499986408842,260.74484404065674,1,0.7244087789686211,3.862283333117448,137.52504242033345
0,0,1,0.0,0.0,30.962456776280433,94.64476584405979,263.78096314648496,1,0.770278519931026,3.8898338386128115,145.82864881823187
0,0,1,0.0,0.0,38.23885489002014,95.21405079652132,222.87251686872105,1,0.817741760611282,3.5339312063080803,93.52850335015047
0,0,1,0.0,0.0,31.615123269469994,92.10680940034514,266.3113750561315,1,0.4433406809329403,4.032759289365035,150.40787805939505
0,0,1,0.0,0.0,33.793196242525674,93.01109820153722,240.23277890588213,1,0.539984591695545,3.80253799411276,118.86999689773965
0,0,1,0.0,0.0,33.76853781408782,93.48689581109767,251.37459706392463,1,0.5957084467690392,3.8597297692873345,130.46206088972258
0,0,1,0.0,0.0,32.15057779638094,92.98963836646709,223.23277346216562,1,0.5621965886467559,3.675997876886043,102.41601633134718
0,0,1,0.0,0.0,41.58109148858509,29.96938728905012,189.36830094095163,0,-0.1996598956714708,0.0,121.80656943725836
0,0,1,0.0,0.0,37.63180951401481,92.52431595316529,196.83899553617383,1,0.5472661154873031,3.471004364948762,69.38547264968813
0,0,1,0.0,0.0,38.839224647221464,93.50149606807786,274.3745220700387,1,0.5757228805490997,4.000109555397334,150.1950455268251
0,0,1,0.0,0.0,38.25766781702133,94.69680396174084,228.71975572157962,1,0.7436980340001482,3.615779790671301,100.22938422238919
0,0,1,0.0,0.0,31.90838203489677,93.06494890645178,250.91803208815935,1,0.5538861935946515,3.8815766352392185,132.34793259587977
0,0,1,0.0,0.0,37.48331562897919,95.58634692303671,195.8370264834362,1,0.9177322003692674,3.2556122890604677,65.50082838381527
0,0,1,0.0,0.0,31.842702128664968,95.19814788555257,265.4676922422107,1,0.8399355448327481,3.8643957141362013,146.20090105608813
0,0,1,0.0,0.0,38.43025066841586,95.10846323621273,231.97947906500798,1,0.7921064089528067,3.61434675574461,103.12384649394382
0,0,1,0.0,0.0,37.57690664518389,94.88518085453887,238.66092505856227,1,0.7605362438190499,3.6811452963237867,111.3803209716989
0,0,1,0.0,0.0,37.56360657581642,41.977093236994136,183.43479213663153,0,-0.1994482048561159,0.0,107.06012568464062
0,0,1,0.0,0.0,38.44320116411493,94.16947951021909,230.97275172681236,1,0.6734016752603642,3.665082477826888,102.95366119548426
0,0,1,0.0,0.0,35.48028768266039,94.88656087407865,230.15967789065266,1,0.7764048080170445,3.61806603205748,104.469294614713
0,0,1,0.0,0.0,38.30640673411992,95.67785338522155,230.9611629450347,1,0.867740969445888,3.5664717504214254,101.61192470272755
0,0,1,0.0,0.0,39.20571944996361,92.4935256571103,191.28272654320904,1,0.5573252953677108,3.4206289085441663,62.01565509709225
0,0,1,0.0,0.0,39.87871581846534,92.46702594040636,202.6911105873542,1,0.5205309442453829,3.524738984357976,73.2590925278374
0,1,0,0.0,17.622289926324534,0.0,91.44277615599195,208.1118922714225,1,0.7418310779781129,3.6215627314876704,102.9304229085778
0,1,0,0.0,17.197484391385757,0.0,93.8200699326096,186.58025492037729,1,1.0804407644341874,3.224486510970557,78.32547783321633
0,1,0,0.0,12.465755300736387,0.0,93.57644101889987,209.45203261259027,1,1.0585019713129649,3.472866611144914,107.71596150540832
0,1,0,0.0,20.63459510779278,0.0,52.693720005005716,216.93793392448387,0,-0.19868238164440813,0.0,149.0429006801959
0,1,0,0.0,11.793712636882063,0.0,92.54523489927212,194.15258202576578,1,0.9241853368463482,3.420541526637225,93.17941022094614
0,1,0,0.0,14.973850442195152,0.0,95.65982361095536,184.3997835750769,1,1.3449063579591747,2.979466162847877,76.57199475892486
0,1,0,0.0,13.153508144343814,0.0,94.39989879386292,187.8719688875101,1,1.1738210948685377,3.1774763362350256,83.32984717043774
0,1,0,0.0,17.35683059313601,0.0,93.20657801100886,201.4607378274691,1,0.9851778833663625,3.4305427842732437,94.42756443876132
0,1,0,0.0,16.205210877513792,0.0,51.44663376952464,191.2483877070832,0,-0.19887813608870233,0.0,127.52647840373952
0,1,0,0.0,13.350760200337943,0.0,94.67862821878296,207.01700088352035,1,1.2123965843239475,3.337959525950314,103.11643550346395
0,1,0,0.0,15.516999736528831,0.0,95.07668680747253,187.72657274337578,1,1.2592387633046065,3.0956696801611105,80.05803297988894
0,1,0,0.0,30.931954798643666,0.0,73.08488553232634,190.33620463115864,0,-0.19762234078777652,0.0,88.7617672301989
0,1,0,0.0,14.472888237709148,0.0,94.85156375891931,183.57578556766754,1,1.2337151637826125,3.075842042443109,77.01003001437591
0,1,0,0.0,33.343930041884974,0.0,42.062931050992944,203.58718062843184,0,-0.19913350072785366,0.0,132.45619474931212
0,1,0,0.0,45.562915748740764,0.0,37.71387457045328,214.78347128486823,0,-0.19920719308162213,0.0,136.1947534974153
0,1,0,0.0,17.065287713233783,0.0,95.08205592613872,186.57136591932908,1,1.2550035725466997,3.082043457397116,77.23104576630038
0,1,0,0.0,21.56552302973426,0.0,30.60201317674801,213.3622480677548,0,-0.1993868568670681,0.0,167.75957933936192
0,1,0,0.0,17.095669366848483,0.0,92.78228981216127,197.33899995802392,1,0.9310683665006079,3.4282227777748804,90.75713356695965
0,1,0,0.0,15.428580199339187,0.0,13.8037888058955,202.27688798753135,0,-0.1997194724324369,0.0,180.4874682513001
0,1,0,0.0,12.833314053582521,0.0,95.84683709951777,182.42170729216286,1,1.3799515499587176,2.9276329469117264,76.54605318938792
0,1,0,0.0,10.150727785304166,0.0,93.83269288216948,200.82745122738996,1,1.1048720466838713,3.371374670755747,100.7239518821534
0,1,0,0.0,20.785608906523358,0.0,79.24406057603977,203.66550246663093,0,-0.19671883520505287,0.0,107.10863876314758
0,1,0,0.0,18.934908572612102,0.0,94.67328785135082,185.59681938591174,1,1.1924541379486948,3.120676637177716,74.66563160748282
0,1,0,0.0,11.143571404144193,0.0,93.26080743435452,183.3146590360317,1,1.0316405485693618,3.24472976855241,81.75206277706499
0,1,0,0.0,13.357260391971401,0.0,94.05150895973813,181.4649310665554,1,1.1302398645147953,3.1433357061562135,76.73694073838676
0,1,0,0.0,44.059243618748674,0.0,75.55260958502994,224.1498067940155,0,-0.1969877445999021,0.0,108.27903224192536
0,1,0,0.0,10.774979697373107,0.0,92.5288920993155,203.69301862131778,1,0.9217124057119128,3.5131933673739453,104.38424881813535
0,1,0,0.0,44.13971660079743,0.0,40.325339468802426,179.39980429964947,0,-0.19929481823076295,0.0,97.47737726405421
0,1,0,0.0,17.869673620656712,0.0,92.98190340487663,198.0836932174437,1,0.9544948334329224,3.418080576162526,90.53928442126569
0,1,0,0.0,17.99491598284459,0.0,94.7453145999913,207.47036825713587,1,1.2017578471502697,3.331834018211955,98.64603008087545
0,1,0,0.0,14.703600448705734,0.0,51.604112678076085,183.6869098378536,0,-0.19891407288980312,0.0,120.91579744546273
0,1,0,0.0,15.500785455973437,0.0,95.38648645593884,190.28796826917028,1,1.3026647101693256,3.0845354318908096,82.46745670147163
0,1,0,0.0,35.426966202792855,0.0,74.04286608102791,229.73027379071826,0,-0.19710834498681098,0.0,124.80958033389733
0,1,0,0.0,12.880065728402455,0.0,93.22196444645606,189.29725753039025,1,1.013704739725052,3.312241237543813,86.26080650543135
0,1,0,0.0,12.195055796377057,0.0,93.0844249172184,202.1759143041078,1,0.9908631466361126,3.451802019237211,100.72960513018249
0,1,0,0.0,10.630657146001356,0.0,93.86315665188852,207.73624871595075,1,1.108166275272786,3.4320638694761363,107.54734980711518
0,1,1,0.0,39.55082044337936,48.45055525605846,27.29846997235904,255.7671655880266,0,-0.19982271263452744,0.0,145.8587707426376
0,1,1,0.0,15.067256648447646,30.751085387370345,92.49949752948568,297.7150988394031,1,0.2141723312504608,3.2866810984172328,167.30320844102093
0,1,1,0.0,14.74152037832795,38.046099103060385,92.26632297909661,258.79581919180214,1,0.11666359493303441,3.042570013439689,118.1794263623638
0,1,1,0.0,18.653119542749064,38.670660967358536,92.02288971749364,248.9852724258525,1,0.07964617170897016,2.9883820823915475,103.2208184549927
0,1,1,0.0,24.76018997127025,45.200840581980984,7.321899681281874,214.51844317511973,0,-0.20000151883848302,0.0,142.30742210821015
0,1,1,0.0,18.126427853221678,34.6955622253684,93.81260128596684,308.959941744987,1,0.3482067610234492,3.2629496598532053,170.6956372392469
0,1,1,0.0,13.198906623237292,30.4172205864537,93.56880333623683,199.54579943387583,1,0.2822577368214353,2.597337898524959,64.25916813677446
0,1,1,0.0,10.818918561976833,35.67860356781216,95.8143024642336,256.7280846193755,1,0.5258772798223937,2.8149530036397725,119.08614993735529
0,1,1,0.0,35.88458190228745,36.47257723278444,57.11228569535588,279.92625862096423,0,-0.1993119761400484,0.0,156.49727241614397
0,1,1,0.0,15.892848553517954,38.02778374187489,94.20188272182682,205.5548952595418,1,0.3367958495431082,2.5919647499488594,59.258361419400686
0,1,1,0.0,15.827262542347944,34.909358471108334,92.66374212985997,262.06444054275954,1,0.1652944189277351,3.046155384129954,123.3956600473266
0,1,1,0.0,18.16960542435432,31.350876934777897,94.17978344655202,277.4354869635129,1,0.34936482002893743,3.0565402884023913,139.59510228611208
0,1,1,0.0,26.120703847301318,35.40092482423482,37.228041067011034,251.66677519831683,0,-0.19971454893945612,0.0,158.8906557180427
0,1,1,0.0,16.866603732129267,35.59175221755767,92.42810013997067,288.7367117013125,1,0.15643184983854758,3.2150865645460764,150.47167152346006
0,1,1,0.0,19.23859714221812,31.012928424418224,92.99807784835251,202.2714890949565,1,0.2145521508650881,2.650213688709175,60.77908075737086
0,1,1,0.0,18.491551649299765,39.10278723617838,92.17709501712015,223.57733374233226,1,0.1100829438514139,2.8286819379156016,76.15100179304939
0,1,1,0.0,16.851164519662262,39.74058562962743,52.40346947628085,279.0211822034811,0,-0.19941737749876232,0.0,177.66513824910098
0,1,1,0.0,14.376860385475288,31.4113675143953,93.4144474872202,310.7765383339575,1,0.3517912939313239,3.320509073176184,180.75273246963383
0,1,1,0.0,17.50722146537723,31.16344371534773,95.23283671535596,220.69254999559473,1,0.4417163179199869,2.621159317227709,79.31869867342533
0,1,1,0.0,17.81396482111356,30.127214491950006,95.48508061606701,200.74529166114303,1,0.4729748259409924,2.454834476226322,59.125391642984006
0,1,1,0.0,28.23002382630811,43.23511196581689,50.786956824462656,201.15968836155366,0,-0.19959623776322108,0.0,80.77300189933868
0,1,1,0.0,11.391185132085601,32.84534392923963,92.20956702807084,208.0246386415094,1,0.13980491304340423,2.7358209488737373,73.78524931586934
0,1,1,0.0,11.301050162752546,34.64797014512623,93.4260397173707,257.72462442057724,1,0.261924341299274,2.9876174995909923,123.1103214860883
0,1,1,0.0,12.808788646323382,30.339110485235317,93.32444064622673,280.3203541082826,1,0.2856653351292245,3.139580564917129,150.43799775592137
0,1,1,0.0,20.233526404688497,38.09096866852913,75.49743804678982,233.54476194443038,0,-0.1988542316206911,0.0,102.73040737461885
0,1,1,0.0,18.871241319494533,39.18068505948526,93.24211855269023,277.7410415175532,1,0.21547688173391644,3.0967624783869048,131.83177550508364
0,1,1,0.0,12.531169828715619,31.39523370528294,93.751524165246,259.8238494204896,1,0.3043767311515234,2.9843317241247,127.13218332316856
0,1,1,0.0,19.35590892051032,31.4590151903261,94.84945070130587,242.776845843593,1,0.3965067359635571,2.7957885032136405,100.61345582439789
0,1,1,0.0,15.268371904750735,49.45316094599471,69.5768948457315,196.25541146101205,0,-0.1991888792645428,0.0,63.47435976145389
0,1,1,0.0,19.057554186227446,31.030941605522347,92.37063693879945,223.46077462197053,1,0.1366808639525326,2.8236447914727987,83.57372270315699
0,1,1,0.0,19.379591602010315,30.330244814791044,95.67282896432081,261.05050609245984,1,0.5005515334635326,2.849464356664125,120.32603073067025
0,1,1,0.0,10.67051638120258,35.68591725428511,93.8351628900731,254.65800614906485,1,0.30435390582896776,2.9439566583036085,119.01437837218165
0,1,1,0.0,42.51421675010933,38.22185973809146,78.33075210604092,298.65460070676596,0,-0.19843649835453342,0.0,145.38008246569993
0,1,1,0.0,19.919981879812028,32.66041844963934,93.81175308415308,305.499834097691,1,0.341655785908043,3.242175479352418,167.1366413032655
0,1,1,0.0,19.45738379959387,33.72873842872895,95.76083781793723,233.4387108615187,1,0.49166587659493693,2.6615242630401585,87.42553858689749
0,1,1,0.0,13.74766098975308,37.56619395273147,93.88484731976408,239.1171967885068,1,0.2939157909807497,2.8373368654698976,97.27899279695538
0,1,1,0.0,25.44475974713299,38.6560786381518,13.981764641046146,187.1524059311091,0,-0.19999637987611885,0.0,112.27280583426
0,1,1,0.0,17.539931446854478,35.64499949580922,94.6875625918328,286.6494643865878,1,0.40550650855714965,3.0723387447237336,145.1442850968766
0,1,1,0.0,12.301061624910648,32.3377292824504,93.11163453152618,219.75281231236985,1,0.22586701734093578,2.7640399034739387,84.67897112952012
0,1,1,0.0,17.606909178484006,33.741815862451276,93.29275545151813,264.36439671814856,1,0.2327463649174022,3.0261276061300317,124.54526130112313
0,1,1,0.0,17.462820054803963,32.12840300172355,69.71332381926338,280.4900924612411,0,-0.19892920513799184,0.0,168.23147028563136
0,1,1,0.0,12.963646029368835,36.36041176851965,92.13630627157038,233.22769357338834,1,0.11277850670146738,2.8976241282277,94.91319739572947
0,1,1,0.0,15.779583628558767,32.53418527063009,93.39285960762155,260.77374245469423,1,0.2509815232157997,3.003724363911107,123.833458685409
0,1,1,0.0,19.697246741407664,32.023619581736135,93.01419257067637,205.84433932582485,1,0.21254454525841687,2.6729449190588555,62.943482710468714
0,1,1,0.0,49.65995838110324,35.73189840930808,60.5292274488817,311.9229159409887,0,-0.19914920838441916,0.0,173.59901260349994
0,1,1,0.0,19.50067855762026,30.423498290568965,94.08473627530088,259.66711366053687,1,0.32090250726590613,2.9533162135546855,120.2136801763378
0,1,1,0.0,10.352367012260013,35.50057168519003,92.30354840508538,206.13702821685803,1,0.15072857102150297,2.717527600519409,70.08671974151791
0,1,1,0.0,13.332719162204466,30.704712584961705,92.12343935995158,303.3712627202381,1,0.19813142347015755,3.3486256314519167,175.83361842980756
0,1,1,0.0,19.800689905833178,49.2149927811088,89.76901729249698,264.3138871093735,0,-0.18342716913927903,3.137406328302605,109.52768001551331
0,1,1,0.0,10.932027713689891,33.180508452638115,92.11173020063077,208.3798166219089,1,0.13016221046316895,2.7433434742214033,74.3862605737496
0,1,1,0.0,10.254341235830003,31.261636789677286,94.53285816468164,192.44143855630162,1,0.387965711653671,2.474012111159497,58.15625396066147
0,1,1,0.0,11.557630757480078,39.02807983038033,93.34180969412289,223.65484721036623,1,0.24337782541000347,2.772304834801561,82.39836058768132
0,1,1,0.0,13.4615788160025,45.91861043894299,67.6377240456614,252.3961644643546,0,-0.19908624130982686,0.0,129.89683701332876
0,1,1,0.0,16.17912841884452,31.003806924039253,93.04122426732013,257.29636425950963,1,0.213742048726639,3.00316960292925,121.66298747192448
0,1,1,0.0,19.522319384229334,38.17131942078371,94.5629054344419,248.59582964973072,1,0.35357081908564403,2.8460725915878045,99.86916539370823
0,1,1,0.0,10.15132176737622,38.90716267545389,92.2674163815623,196.28525865151417,1,0.1542462281247834,2.6510179697781187,56.661945187021104
0,1,1,0.0,37.722869537537974,46.24287961891775,78.65506638676204,239.68168102666496,0,-0.1986788315181984,0.0,79.25100553783362
0,1,1,0.0,11.770557776669804,30.353022165799054,95.40551844073917,310.1865534948482,1,0.6039254623038364,3.19074848866351,182.09975791713487
0,1,1,0.0,12.441355047839215,38.66076327609067,93.61012366785015,220.74855946387902,1,0.27157435320150786,2.736469982376284,78.55050643508538
0,1,1,0.0,15.051543371183527,30.081681817214637,93.77085787683554,205.7442678831829,1,0.297495216344864,2.627105986515899,68.8981027548673
0,1,1,0.0,38.49828774320707,40.051427593913175,86.88526299320797,299.3081201809133,0,-0.1975620134231833,0.0,139.5774725955461
0,1,1,0.0,13.167589297500848,32.8038380569708,95.75652153498322,246.60655240868607,1,0.5115070048046026,2.754218324976474,108.89832901463328
0,1,1,0.0,10.965155263239785,30.458851310419487,95.96170209664828,256.69534228811125,1,0.5563729521321901,2.8076608526096885,124.23620446410327
0,1,1,0.0,10.544929731938405,35.11255448371134,94.01641801196558,237.3977561281911,1,0.3200832403111934,2.8235526832413873,101.27264554289768
0,1,1,0.0,48.051215940361594,48.975440614676764,12.49676782737964,199.32395263595913,0,-0.19999278877951338,0.0,92.48662553286636
0,1,1,0.0,14.074886057804838,38.340264711732345,94.49501038053342,276.91779976666714,1,0.3758129308859032,3.0290898466059275,135.72585548220687
0,1,1,0.0,16.984842578956496,31.943396157562837,93.88436591933487,309.84237883040896,1,0.382010183433843,3.275611058920317,175.80713554940596
0,1,1,0.0,15.390358575151671,30.569488211189057,93.71511931940215,267.58105094476053,1,0.29980642790872214,3.031092748601647,133.28391088778469
0,1,1,0.0,25.259103167154414,40.07380033322658,29.583681584279166,267.11663738604875,0,-0.19978339313076837,0.0,179.87740266668203
0,1,1,0.0,11.730861554214489,39.06652023902492,95.84032582048752,245.12960867431772,1,0.5124723959098479,2.7336243506951954,102.24450070315376
0,1,1,0.0,14.653901259248208,38.59616705835163,93.15935119031069,286.75284442421776,1,0.23300038259231615,3.1652653881890873,146.78450268653435
0,1,1,0.0,12.873076092409056,37.199647945239754,93.33604536730333,259.84119631608206,1,0.24113976972055345,2.9993533220341124,121.09731597650462
0,1,1,0.0,47.03472985153826,31.086495707715077,80.7254627642757,251.68651228229731,0,-0.19849982371941455,0.0,95.72910398486802
0,1,1,0.0,13.790676303893258,33.50275457124757,92.27764809302164,213.63958877182887,1,0.1387097865162764,2.767347779446558,76.37494195531525
0,1,1,0.0,16.231370247952377,30.975899594061545,94.67762936146902,308.1136431790141,1,0.4793770584960106,3.2174779772196955,174.973527919842
0,1,1,0.0,19.701559537015942,32.027232026291664,95.47619902866977,296.78820375627845,1,0.5208260411847384,3.0788561422415444,156.8678360152554
0,1,1,0.0,34.87633263752273,40.42613464582518,20.04251863355805,248.68304470243592,0,-0.19989356954192752,0.0,159.49377089143243
0,1,1,0.0,12.906198953169888,31.25880708815428,92.51276472056674,286.4931666701932,1,0.20188645002308098,3.2195623935968496,156.8702513358082
0,1,1,0.0,19.224033800195134,31.41868789617331,92.0530441626213,214.3447816381865,1,0.10917195633426377,2.7808050375731694,73.820450530119
0,1,1,0.0,11.344389912542127,31.886265270803403,94.33330759765775,235.6403171788103,1,0.35767044338322074,2.7929692491259144,101.61607768581247
0,1,1,0.0,27.169163805570015,34.11225311314855,66.45887792022674,217.81806159120805,0,-0.19921995824624716,0.0,92.41612818442013
0,1,1,0.0,13.991468785740683,34.634140403806846,95.61769789708814,212.02586212484874,1,0.48687673932476455,2.5259058877352567,70.0085458513484
0,1,1,0.0,17.18666026469576,33.09368723633363,95.57770525256146,231.85334955064457,1,0.47679286938218224,2.6679751812731283,88.98388605029885
0,1,1,0.0,11.368358579583196,39.90732434208382,92.11642108790424,219.34302954045427,1,0.11794248288310674,2.81023130983647,78.41550962597195
0,1,1,0.0,48.35577473433135,30.302120752493316,16.139788056678384,207.59775483622712,0,-0.199964651143248,0.0,116.29568086249155
0,1,1,0.0,10.863907704861347,34.71961362180477,94.3697517081647,221.68511819851318,1,0.3583549969512325,2.6954180340334073,84.49059069516572
0,1,1,0.0,11.086496607323495,38.109560776059574,95.21788552638922,254.40504879188396,1,0.4505803182419889,2.84475962282795,114.37705840325765
0,1,1,0.0,11.377421078425433,35.41911310324362,94.51809575881605,236.4453965589778,1,0.37160203451266877,2.782408094962997,98.56771773251478
0,1,1,0.0,44.554535503475165,37.800907988423816,51.088707237806595,194.2803219504953,0,-0.199604944952727,0.0,62.14859411679565
0,1,1,0.0,15.635507995522374,37.66448043801703,94.92503328764502,213.45196766759327,1,0.40880351291637723,2.592936520147342,67.35228614537782
0,1,1,0.0,19.918662220728695,37.19934146971703,93.6950096858399,234.64902232233098,1,0.262485368015803,2.815840008233644,86.66938901259851
0,1,1,0.0,17.793253557488875,31.756823457634383,94.55850965047959,275.4426348773998,1,0.38964789444021847,3.0198852279966157,137.0429087404802
0,1,1,0.0,30.653600804453937,47.4639681558399,46.863597995817386,241.3579047107568,0,-0.199590586241799,0.0,120.12556199357674
0,1,1,0.0,12.846796298251492,39.19371633082445,93.26507920291836,272.27931021240994,1,0.23561787059262734,3.0756133374592594,132.40345272157873
0,1,1,0.0,19.945336061284365,36.04936095517219,92.29541389496691,245.67147650124951,1,0.11101810958460473,2.957807823333371,100.81565403262023
0,1,1,0.0,10.494719397520635,35.488938158648786,92.74181795657451,228.34495225827413,1,0.18458115266142966,2.839955805339721,92.68481143790176
0,1,1,0.0,22.18800466184922,42.044240305592865,82.23619813043304,304.6619459876058,0,-0.1980955912317168,0.0,165.6281032725606
0,1,1,0.0,13.288580830960226,35.696899445477094,92.02359667833349,228.91178911222136,1,0.10288852273021307,2.8762044886218257,90.8411977481808
0,1,1,0.0,19.607038232657505,31.188385508489947,95.47931110247659,266.53924751522356,1,0.48030700650305097,2.8973835492378566,125.23201307431502
0,1,1,0.0,12.93893728940116,37.78160946271955,93.15712547377224,299.0620771229738,1,0.26430417435763465,3.247370984330427,162.89252881119086
1,0,0,10.57295881084512,0.0,0.0,94.86209643082289,205.39877747464976,1,0.8046150046481779,3.477424461887542,104.83673336328793
1,0,0,35.11443666564162,0.0,0.0,93.14425457748973,180.66706251855427,1,0.5024213180950278,3.4957464827842637,55.241242747581566
1,0,0,16.550592379766748,0.0,0.0,93.1594232486291,190.65276598288952,1,0.5529503939412062,3.590835688714279,84.64172237375732
1,0,0,45.45562484196624,0.0,0.0,70.61439487540252,242.1622435940351,0,-0.1969983609750696,0.0,133.12517836051913
1,0,0,46.614591270733484,0.0,0.0,80.09298310038372,200.5706143509546,0,-0.19620120049661954,0.0,77.46340276717551
1,0,0,13.200883875862218,0.0,0.0,95.7083165311496,190.34169075667427,1,0.916086285156379,3.2377479360068766,85.26798671750555
1,0,0,19.363866543602676,0.0,0.0,93.02451402530751,179.04815010652104,1,0.5399433333609198,3.518803647645089,69.66540791102997
1,0,0,18.417021028999304,0.0,0.0,93.43335115067255,192.25366768369537,1,0.5815666074884043,3.564987614224828,84.16189131645564
1,0,0,46.47919235556305,0.0,0.0,36.39040091648421,222.88212792088385,0,-0.19910773334219187,0.0,147.23089687143295
1,0,0,11.265633659796846,0.0,0.0,95.66256045928472,203.89940791961658,1,0.9179933587350891,3.3380886764957847,101.74771165249983
1,0,0,16.71848653202103,0.0,0.0,94.93256460847408,184.68604061609997,1,0.7982444344167858,3.3153984501002065,76.44060717318547
1,0,0,13.674199925225302,0.0,0.0,49.983690504612575,185.70602489222324,0,-0.1988187577301461,0.0,126.53608797291938
1,0,0,16.166476544061982,0.0,0.0,92.18562286039129,210.7238182281857,1,0.39878161442883714,3.8186832393355212,107.39840210666523
1,0,0,12.001936469423718,0.0,0.0,93.92026110747267,201.98724731615823,1,0.6653193284080618,3.5840552697450216,100.62498073438952
1,0,0,10.170160470115421,0.0,0.0,95.09871839214499,202.60176688552878,1,0.8403620128480811,3.425370546167435,102.02544070066419
1,0,0,16.502652279363026,0.0,0.0,95.83908349348746,197.56607132029157,1,0.9224074863567474,3.2582988629840117,89.43906316450419
1,0,0,16.814904623377966,0.0,0.0,92.80449716795643,187.16881681989824,1,0.5088892382882929,3.6063967874679084,81.03311469498068
1,0,0,13.214316159104904,0.0,0.0,94.63269202226286,190.21842521965664,1,0.7669878310065095,3.4057118117873184,86.16225725566724
1,0,0,28.565212293617456,0.0,0.0,74.53799296902562,227.84025199170267,0,-0.19666718431727717,0.0,130.90576672031682
1,0,0,19.217771096681204,0.0,0.0,95.55101897814419,186.63055937427424,1,0.8728523843175031,3.229130533009131,75.34538038270614
1,0,0,25.179278733653984,0.0,0.0,32.207835521267945,244.49744208000328,0,-0.19912043835796786,0.0,197.94963158558738
1,0,0,18.798717799038034,0.0,0.0,38.581253451211936,188.86151205301178,0,-0.19920025802204447,0.0,136.66055829476525
1,0,0,11.05067786993597,0.0,0.0,94.48107117723143,196.01083211617006,1,0.7510748407083871,3.4722951295894,94.68030526588723
1,0,0,29.786391588827765,0.0,0.0,11.787280605787998,221.742301357206,0,-0.19966315829168402,0.0,190.14191795387293
1,0,0,13.628373650106704,0.0,0.0,95.1628779198709,197.79657162548114,1,0.8364452313106918,3.37661935649134,93.27997376506114
1,0,0,18.217103072634863,0.0,0.0,94.98568703361376,196.94506847171056,1,0.7947964258409879,3.388794447372605,87.84280398048386
1,0,0,17.405454636993063,0.0,0.0,94.5789288030415,208.65471050559287,1,0.7380406367405037,3.517446796457092,101.57881229779193
1,0,0,13.0184713308069,0.0,0.0,93.58083625909278,181.94463464131584,1,0.6335409281741238,3.4862484221372942,78.64148139861304
1,0,0,17.450429083959126,0.0,0.0,92.7567424399535,191.04530465375896,1,0.4949426736943832,3.636167518902534,84.53045433353009
1,0,0,30.69196413542126,0.0,0.0,33.7843818512092,222.8283849907076,0,-0.19917863640174122,0.0,166.39175782568856
1,0,0,16.802482927107434,0.0,0.0,95.93618418890699,208.19651806789352,1,0.940602573849455,3.3011197137002903,100.40667376900791
1,0,0,17.78973144245343,0.0,0.0,30.74863297939978,219.9475936633146,0,-0.19927099894478545,0.0,179.98811334040724
1,0,0,19.884087029615518,0.0,0.0,93.34065237956823,209.6787454705954,1,0.5501514720447849,3.6744396305649594,101.32870484940126
1,0,1,17.889612064007903,0.0,32.124062876426514,10.367535282267582,225.82182785988837,0,-0.19996507720288437,0.0,173.4504800363879
1,0,1,14.071483816938015,0.0,39.237101665096,94.14490963663147,311.92246413920185,0,-0.09854961192955117,3.537071896826433,174.74027206292934
1,0,1,17.208881580796536,0.0,31.46294567374211,94.21426927755263,200.3507117433916,0,-0.04773588856089432,2.8471442061024987,59.903094697661
1,0,1,10.392025789887061,0.0,39.4378716847513,93.35141604382916,204.4062336049422,0,-0.12692220270461954,2.940490932191203,63.739507721475384
1,0,1,14.07166592628145,0.0,43.04281465120065,46.11490367200616,180.52714410506786,0,-0.19966033620005214,0.0,79.62993143148833
1,0,1,17.151813337235986,0.0,32.5667928827149,95.12223196164389,244.54066682103965,1,0.016993391656467696,3.0100262580877306,104.43120108451805
1,0,1,15.355810117591579,0.0,34.571979062178706,94.70392764475473,311.843863135913,0,-0.013094267903646428,3.5085916537274513,177.77339928744678
1,0,1,17.97872628459598,0.0,30.691018580599597,93.97920885722709,210.40608487707004,0,-0.0848216374082931,2.923699500787713,70.63396155392763
1,0,1,39.79458789829166,0.0,47.05938471798677,69.88223502542627,221.32709673611234,0,-0.19898874516674828,0.0,67.38213009561056
1,0,1,13.911054937415114,0.0,34.40681493961126,93.17362965373998,235.52601739716258,0,-0.1917303888918749,3.1273436268873014,98.20314079617376
1,0,1,17.71186807193438,0.0,30.757034266217083,93.10629928297486,243.25487288925976,0,-0.19575610404567548,0.0,106.39223974032856
1,0,1,11.80752891376326,0.0,33.08980246617339,93.1267508210426,280.37542298045804,0,-0.19486198935894058,0.0,150.03601041360199
1,0,1,49.73271185476281,0.0,43.66229282725102,3.30464536945555,218.90311795207816,0,-0.2,0.0,128.34888182662806
1,0,1,18.03027249687935,0.0,39.243400767755666,94.37964884225056,225.77896178758164,0,-0.05267995429630163,2.9588862728545124,77.47903344022984
1,0,1,13.55118328441122,0.0,36.33439298481289,95.456762514412,224.70638587754107,1,0.07287936073168022,2.8651171768060197,82.86906242328217
1,0,1,11.906980890521929,0.0,30.02790505272209,92.54988338985386,293.20643566805796,0,-0.19498745067944664,0.0,167.85396115728682
1,0,1,34.983386815021575,0.0,49.81274591125968,6.94617908328855,228.08671338790154,0,-0.19998221044326386,0.0,143.13343092800744
1,0,1,17.957092200253157,0.0,36.61206364757921,92.26668290748844,232.84127672376206,0,-0.1963944738441302,0.0,89.82333539194137
1,0,1,16.376326117244425,0.0,36.87754388270901,93.80676490302271,204.2158532073755,0,-0.08989338001883881,2.897549829548599,59.62079421434544
1,0,1,19.65927287206186,0.0,34.66500874271743,94.86937389166984,250.7445257104686,0,-0.020438301904845906,3.0553259174430933,106.52424844515626
1,0,1,13.227726381909054,0.0,34.73386006415509,6.3025358052273495,204.56617365562198,0,-0.2,0.0,156.86254083547348
1,0,1,12.001867677781902,0.0,34.14860451709355,93.28679015628285,227.62188660636292,0,-0.16794555970136196,3.080278000686846,91.95283600984119
1,0,1,18.16887168827744,0.0,30.213599399118795,92.41358184180658,287.38332031683797,0,-0.19522708944469477,0.0,154.8614302050579
1,0,1,15.339650952285531,0.0,34.388894388632814,93.06926909730329,251.75021570220918,0,-0.1955899139339941,0.0,114.13905523785415
1,0,1,18.86253797333142,0.0,47.167214243363716,82.40396954231747,222.15882551543453,0,-0.198294435953182,0.0,76.70352429025145
1,0,1,10.244997392532653,0.0,38.87667754930335,93.19468718189111,267.12584451469246,0,-0.19513907136916,0.0,131.08450069642274
1,0,1,18.58155525113159,0.0,37.983619074783576,95.45000411535138,244.61162636991017,1,0.050636026736260886,2.9616356958199894,97.0580944107663
1,0,1,18.422928696401357,0.0,34.611560597627125,93.05527089343965,243.51532699389952,0,-0.19578377067604144,0.0,101.95775925194526
1,0,1,47.66768398348519,0.0,49.3408115172889,72.97554323949981,269.8574289427873,0,-0.19866058799854103,0.0,105.17964627011965
1,0,1,12.703911522125713,0.0,33.7265461337687,92.01073322637636,290.75925126889456,0,-0.19540627671222371,0.0,160.90979270479323
1,0,1,12.760850732222298,0.0,30.792810873185857,93.26236457414399,222.33587559999344,0,-0.16693497167833815,3.0580599348095205,89.10503342357397
1,0,1,17.23985635813033,0.0,30.057066739564664,92.92005401502993,299.28410581220106,0,-0.19454377170482887,0.0,168.56845154643972
1,0,1,44.195044777246366,0.0,42.58062613692992,55.89498938950802,208.83972499083677,0,-0.1994246077228324,0.0,68.84389132048962
1,0,1,18.750974792292553,0.0,37.607214832048,94.05173063242617,200.57187607891663,0,-0.06259646143428912,2.8535794744625655,52.43541879585324
1,0,1,14.063763655190705,0.0,34.48717275397106,93.14831937022754,230.54113458804588,0,-0.18981235997173723,3.100544970176751,92.70941458252712
1,0,1,13.323777034563687,0.0,33.76835644648599,94.47612389191558,245.71172589594596,0,-0.05090732972545721,3.0842244658189113,109.0072085443387
1,0,1,17.903577496524914,0.0,45.905193123709644,51.31865012899779,240.48171816990825,0,-0.19943833533611283,0.0,130.7038241316279
1,0,1,17.133427272132458,0.0,37.521379539700405,95.39623800054373,287.84552430384366,1,0.03731972707477951,3.2215114169959245,145.64316353973456
1,0,1,16.69015229975052,0.0,37.21129343787545,92.62850747898162,272.8137643800399,0,-0.19541340352374464,0.0,132.87824992887428
1,0,1,12.544578160991382,0.0,32.578357519967064,92.48052704482167,232.23312950841182,0,-0.1963004428469933,0.0,98.71469311174151
1,0,1,10.795107220610047,0.0,43.13959071116229,74.81026736779414,283.0542602319804,0,-0.19847812348938454,0.0,162.26906457377044
1,0,1,11.933687258957695,0.0,32.67775804268306,93.84793831366125,202.0680112328013,0,-0.07946949670911312,2.8936566114947797,66.17534550276446
1,0,1,15.388718932078369,0.0,33.43951742859382,94.62044184124112,250.2743818568584,0,-0.04053243530497718,3.0922305140360398,111.95315723705697
1,0,1,16.862979526558078,0.0,32.46341049391143,94.82827532529065,277.56290376157096,0,-0.02315747813648092,3.2393521089301647,140.67138398337656
1,0,1,38.87870052258367,0.0,31.369001583449247,94.61503348073532,256.38666602956954,0,-0.07704243347113583,3.0697136722120195,96.51281066136845
1,0,1,12.723190772278985,0.0,34.34136531400865,94.07040621401538,248.45504491244245,0,-0.0980457790393105,3.1357558809886674,112.36067797300397
1,0,1,12.479584713871626,0.0,32.649642888437526,93.45435171903928,283.7757293681547,0,-0.17398308844130594,3.436805550774319,153.1863690132919
1,0,1,14.374440500267795,0.0,30.38631309889026,93.80883942116883,205.9868884738673,0,-0.09328550252785285,2.919072516924383,70.17304803040477
1,0,1,10.496495959726474,0.0,49.54060072534191,29.372047903598585,251.102783045029,0,-0.19976767696173417,0.0,169.6098939612237
1,0,1,13.58199768622661,0.0,30.534067313280794,95.60353579920333,304.5439391031068,1,0.11337178999763323,3.39301128257495,174.99407960888712
1,0,1,11.86432716866976,0.0,34.17996956769607,93.49456298788246,201.4038647211474,0,-0.11513091635931957,2.9169741369816906,64.36169607417621
1,0,1,16.61660634895359,0.0,37.819960611523875,95.03879207038327,269.59231750690816,0,-0.004662825163101857,3.146401180162138,126.41226484872664
1,0,1,10.699616364398853,0.0,34.591948262880635,51.46011326152339,273.29526463302994,0,-0.19935737380605245,0.0,185.73591294763872
1,0,1,12.685889329040078,0.0,32.899351582913965,95.97113048643533,209.49989667832907,1,0.1402904453407623,2.7286819332950634,70.83882990001548
1,0,1,10.471131628187027,0.0,34.16464206359103,94.59811545539289,199.5516770389982,1,0.006778325212155451,2.8120127392145307,62.777210433749886
1,0,1,18.396948195647003,0.0,31.964562986970684,94.81711707057114,200.67787065320408,1,0.014496487024252894,2.7919456937568174,57.92559798808373
1,0,1,45.269006616239345,0.0,34.02640884543787,73.13588873950351,291.52951354622724,0,-0.198551687011741,0.0,147.11785765022321
1,0,1,12.549464140688182,0.0,30.928260551793556,94.34456504074711,245.9386016603464,0,-0.06247803011713424,3.109398464615213,113.1562916213586
1,0,1,14.793196620020273,0.0,37.81334401399311,93.85243858929533,245.67155526099114,0,-0.1261592887158091,3.1196364015135867,103.84714869770339
1,0,1,14.872642549128228,0.0,34.545881285158295,93.6229118723897,200.55656715877444,0,-0.10493151716452925,2.897135858991257,59.915872220139846
1,0,1,14.561514352625352,0.0,34.10840685262378,52.64137104629523,220.90931502276186,0,-0.19945462739638897,0.0,124.16647032382954
1,0,1,12.401627912836924,0.0,33.73383022320698,94.00808506165843,269.46925814542226,0,-0.11171361727434811,3.277869789096524,135.9969386755283
1,0,1,19.722220999404882,0.0,38.52638812142661,93.7199696021384,239.5787234536036,0,-0.14316262737158383,3.0818773372510555,91.70417570749069
1,0,1,12.049472945993761,0.0,36.61981130879363,94.35824968567943,216.3600372778709,0,-0.03762609039937208,2.9243614082348466,76.43089277643944
1,0,1,45.63555379317714,0.0,32.0600717223558,39.40467470226731,297.8217723897244,0,-0.19955017097666392,0.0,192.11422329887603
1,0,1,19.449940099230698,0.0,39.03975648617747,95.31037257041153,210.27363074537624,1,0.061958447667629854,2.788525387288656,59.101486131500536
1,0,1,10.318540384045136,0.0,34.51809545922353,92.25271834274017,307.8829035295181,0,-0.1948601884405162,0.0,181.20255084643503
1,0,1,14.990780600303196,0.0,30.760498050058377,95.59975662380009,271.25341976987215,1,0.07583090490549768,3.1381358090959584,136.80238352345438
1,0,1,24.80002925883627,0.0,46.83128148469219,79.68576362820177,222.77492345297136,0,-0.19849454745914435,0.0,74.39351754775385
1,0,1,18.472281678605352,0.0,39.29397799523372,94.47956694581744,226.17631353585787,0,-0.042635492593824036,2.9515399936365703,77.29379363465753
1,0,1,18.678101141008884,0.0,36.64793373563986,92.92799129699483,255.05297058042365,0,-0.19561340078731043,0.0,112.00396127463297
1,0,1,13.081936691193144,0.0,39.191883770087436,93.36845886437578,205.30175039824175,0,-0.1308263020509436,2.9402382402307508,62.167065513582486
1,0,1,11.728366954734337,0.0,36.85034175505261,98.94473385838145,208.2655608862332,1,0.44726100384358314,2.285460881643204,63.55156391065274
1,0,1,14.58051307769122,0.0,39.72106620319614,92.02685670480653,218.5633771922563,0,-0.19672928879629317,0.0,75.27823689170197
1,0,1,18.211840862222555,0.0,30.957316888087853,95.71318450653271,290.97429917726345,1,0.09003369193282304,3.2397350293072633,154.63332075862454
1,0,1,11.43051658332399,0.0,35.9234593547059,94.22199300437869,272.0675442029437,0,-0.08782723789395395,3.2703574275955587,137.28506403884913
1,0,1,22.273613888360373,0.0,37.683092213976835,24.080103194908087,218.13875019500645,0,-0.19987141785975202,0.0,139.83711074879227
1,0,1,11.757287423581957,0.0,39.04403006437286,95.5496965885107,227.28142735867678,1,0.08515697622987703,2.8686510136321886,84.52370592478276
1,0,1,16.93217962626555,0.0,34.90275510534833,93.12313090640814,225.8838774667511,0,-0.1918941576156024,3.0687850293514507,84.44838873723526
1,0,1,19.65155689648588,0.0,33.41461460606118,94.31466575084917,305.81165604830534,0,-0.08339822622345616,3.469877400327803,168.23065298662058
1,0,1,18.06687708211349,0.0,38.3744380792475,95.90021205414538,274.3821975214791,1,0.0940899327983469,3.08002540503957,128.6421330693602
1,0,1,19.77211072365155,0.0,32.783533347285655,94.08624350824441,207.69303741194125,0,-0.07174875223820398,2.894355232470066,63.712069441717354
1,0,1,10.835287294731462,0.0,34.38936354477602,94.8787214845873,283.4431381354953,0,-0.0022935175481869708,3.2995634435716874,151.2466611021162
1,0,1,10.679538388009306,0.0,48.8443815045088,24.723345865322333,218.17911302111202,0,-0.1998640503126327,0.0,139.52443905712363
1,0,1,18.32411985893265,0.0,38.94214857043924,94.94574746556262,223.6306452151559,1,0.011300598792513777,2.897057690488679,74.672683312554
1,0,1,14.628424847336907,0.0,38.346050812332884,93.42923417195969,287.04817216181715,0,-0.19442258652632655,0.0,148.4765972322222
1,0,1,17.820094566419694,0.0,34.686714511390484,95.58622019067208,230.57024138025318,1,0.0758872663528869,2.880142738378851,86.25904102368818
1,0,1,39.99661280090655,0.0,42.794976470896934,33.1250666115689,250.3360419337035,0,-0.19972609723124835,0.0,141.13325324064434
1,0,1,16.06039877054668,0.0,35.36825924088739,92.44287630342511,312.03249833843313,0,-0.19461948529496273,0.0,178.67088422334072
1,0,1,19.666045916394673,0.0,30.374744795269372,95.77711921763843,250.29643290651381,1,0.08709573212739888,2.9769709709088503,109.63426592621283
1,0,1,11.257045043452326,0.0,38.20569057915657,93.73186035366705,274.68445113626785,0,-0.1497332311602827,3.3194295764429285,138.3780749934476
1,0,1,37.76153298866622,0.0,48.202828902223125,27.01370909596944,284.34569595451626,0,-0.19974865682108084,0.0,181.6045466717963
1,0,1,18.731176278866776,0.0,33.55051101724532,93.64075203828604,223.787798032492,0,-0.1356707055886625,3.0174284825148012,81.28593751580763
1,0,1,10.057275478001364,0.0,32.315573942739775,93.32614537653684,193.50995868031282,0,-0.1218577902271609,2.8903963846101943,60.074331432515216
1,0,1,17.65556246149369,0.0,34.26952616919196,94.27285714340039,217.159900051662,0,-0.05768824307751046,2.9306125912577388,74.05251916818786
1,0,1,24.413932251610163,0.0,45.06768098191765,46.98179693839622,259.02518572658204,0,-0.19948684516676668,0.0,149.45959848979388
1,0,1,14.226805150414242,0.0,35.57034873170703,95.58943313403988,214.85065747415442,1,0.0937143441923639,2.7956773760296776,72.48955373576426
1,0,1,15.190619640593523,0.0,36.87226107593542,92.3471579558012,308.0806582521392,0,-0.19479504574764697,0.0,173.67747944486774
1,0,1,14.987577400590297,0.0,32.45337220299996,95.04172313058602,288.42726895059104,1,0.012088649654804027,3.304390703151607,154.2733021590851
1,1,0,35.22478913943685,46.64651092459294,0.0,8.891069340504455,249.77426916740959,0,-0.19984507747765895,0.0,167.49745368026916
1,1,0,18.27101206404801,17.371954904485253,0.0,95.69513938108652,187.8403338485296,1,0.4690827655925166,2.379155966931478,58.87954672969838
1,1,0,40.78470428614245,28.544666080798113,0.0,75.18047975569971,218.71294468846415,0,-0.19810348727781066,0.0,77.22425446907393
1,1,0,14.67338278608221,18.24590722467696,0.0,92.14072083428941,218.03500502249204,1,0.07526720415799082,2.984089212757744,96.82918602142352
1,1,0,45.2027997523063,45.17868279769176,0.0,25.016175016220433,279.0347228619774,0,-0.1995954477471882,0.0,173.2866163965398
1,1,0,14.791945734059713,19.16105344963588,0.0,92.51048302387407,201.2661141066036,1,0.11337955940163018,2.869809995550882,77.70583738847193
1,1,0,15.831417581222432,40.169346408213876,0.0,74.14325408798548,198.44920329939214,0,-0.1983324269170529,0.0,70.49110717614678
1,1,0,15.01861933791108,13.673954420781959,0.0,93.78100764251076,202.634863750237,1,0.2680119116010962,2.7412480074017225,83.38029818368454
1,1,0,14.959888447461315,12.308875355593361,0.0,92.64779856667057,230.0472004870717,1,0.15461498821941777,2.9982865538500967,115.11395953034152
1,1,0,12.557415335905745,28.814165552968817,0.0,69.61366347622425,266.39178202071616,0,-0.19817108391462332,0.0,162.9615115967541
1,1,0,22.494291815543626,43.24176084381948,0.0,1.8545745125166269,210.9387659697472,0,-0.1999607035358988,0.0,149.68905784579113
1,1,0,11.772472087498297,12.573504390098648,0.0,95.7821259646993,182.16719193517108,1,0.49055578025129054,2.3345917242426895,64.46135106074466
1,1,0,13.832863157708605,12.20173842561363,0.0,95.40941030662754,195.34721112606343,1,0.4570972652712127,2.472528733721005,76.87638663894197
1,1,0,39.15408192628851,32.55889369581127,0.0,52.12190750747626,272.03048302045715,0,-0.19900251795161286,0.0,156.02319534031054
1,1,0,16.26466676004983,13.363113465545853,0.0,92.37092028853486,205.92775341978285,1,0.09857135713987117,2.9127694368703807,87.29226773302426
1,1,0,17.827083823173393,16.344532730201127,0.0,95.18871037955225,184.93157828955634,1,0.4123546048996596,2.4487555548218274,57.86236995399591
1,1,0,31.892512845123786,42.7230887685041,0.0,62.54313362673722,269.5010297289173,0,-0.19858639609934273,0.0,138.86361843840675
1,1,0,11.576014480307066,16.044570219010527,0.0,93.4259977683542,189.10538616543212,1,0.22607523625053433,2.7163258780889987,70.60137032958387
1,1,0,11.22398482975793,10.138189223173477,0.0,95.98791859380816,220.96710002238243,1,0.5690778116591462,2.490778822282562,108.26508911779642
1,1,0,30.39159348820349,18.401884974511415,0.0,20.87987597053077,232.9571729069096,0,-0.1997541629609514,0.0,171.34417269131916
1,1,0,15.591622180983393,13.600112757256746,0.0,92.93574319058655,203.5156838560149,1,0.16636019192752788,2.8431610441825614,84.63260219811922
1,1,0,36.92684087091258,22.53970709776764,0.0,86.12900701553521,207.16728345493038,0,-0.1965722079894495,0.0,64.19853363208333
1,1,0,14.269088367049498,11.15004356384092,0.0,94.58277758831467,190.64029397231846,1,0.35845725759969793,2.5769227394620544,73.40910401005607
1,1,0,14.637514287257822,20.792492509846117,0.0,44.813707854843244,194.32027334357065,0,-0.19946744541982012,0.0,117.84888297398477
1,1,0,11.059906502499025,16.522700043401816,0.0,94.96782996587548,228.71412591851154,1,0.4486767621991573,2.68790223834806,110.95165317268787
1,1,0,12.889045915681276,16.229066051926946,0.0,95.50763516022177,193.3279131761466,1,0.4649585202788721,2.442282534902748,71.43893524313731
1,1,0,10.460337435128439,17.458113002141488,0.0,94.76622820527862,195.9054452222498,1,0.3865167615174417,2.5736883059044082,76.06030656849055
1,1,0,31.006736610355368,37.57439214101027,0.0,33.54854770522135,246.59322967259425,0,-0.1995373405511063,0.0,151.2766283213697
1,1,0,19.759322534645573,16.356818460022534,0.0,94.00797327798851,187.8181765988393,1,0.2767055004068504,2.6325116596425993,60.0424713687581
1,1,0,23.208421424287483,29.868240263454794,0.0,46.976781194148764,267.7649544854386,0,-0.19917207683943494,0.0,176.38116515414353
1,1,0,12.1621076192797,10.250742777416088,0.0,92.35424155480584,203.01789431198375,1,0.10716410975316235,2.913037024814827,91.70582236418056
1,1,0,35.27347686021161,24.96773666518843,0.0,15.008670281403747,263.06609034996075,0,-0.19975907806178364,0.0,198.88033357613568
1,1,0,39.45326857737702,23.57367415323904,0.0,84.03374359522368,230.73650436570182,0,-0.1967294153472735,0.0,87.46827062970985
1,1,0,40.51005579540173,15.954149057468644,0.0,96.06376617566592,225.39224639528393,1,0.5296672122578897,2.466598580002951,76.78577494412802
1,1,0,19.94974528117839,17.525857749690537,0.0,93.94208735347077,227.64166115465807,1,0.29806035932542796,2.8149434182688435,100.61145445066681
1,1,0,19.075420940290883,13.649893175627042,0.0,95.75052085894662,218.8065796201049,1,0.5150527295811884,2.5138985960528606,94.42060523336288
1,1,0,11.605447931313183,17.72169169196036,0.0,93.10204529294238,203.63732613810387,1,0.19151596297798465,2.8245380504731314,84.3654898670006
1,1,0,17.88833712920171,32.93222490606384,0.0,27.97701842323641,211.47866176146286,0,-0.19971062467672226,0.0,137.83138408924094
1,1,0,10.984959679594958,13.247120390068357,0.0,95.09637499610389,181.85897048931795,1,0.4165457055287964,2.4496416402698116,64.91473217721921
1,1,0,14.826602614239592,16.02806218586096,0.0,92.19847681168024,218.41695622865993,1,0.08417623114700487,2.984494015783153,99.35189853734305
1,1,0,19.064761608772045,19.94336910315682,0.0,95.40122930749683,201.7368814589075,1,0.44635016708484626,2.496348304899691,70.19523700241807
1,1,0,40.566271592197296,28.034628978171977,0.0,17.064434017767972,243.50437590933188,0,-0.19977666839867783,0.0,166.06865348529186
1,1,0,19.22880490312471,18.772526581586217,0.0,93.56613989985341,187.46313169853195,1,0.22588504479026428,2.6835367786093727,58.152218893924314
1,1,0,19.005532680065155,19.86285443390027,0.0,94.0455770908547,209.19707445495158,1,0.2923464984040004,2.7260750112061403,79.49378986024468
1,1,0,15.437928042141817,16.962735518926817,0.0,93.92882897293956,226.2790283927947,1,0.3041283212740709,2.8197021261443784,104.39865311255325
1,1,0,19.911372343512088,21.874404031870647,0.0,4.982068882882662,213.19605614002177,0,-0.19993703748017852,0.0,174.23530574927642
1,1,0,44.652620653012114,32.898319859547435,0.0,68.23626679127621,215.84182182826632,0,-0.19859793960291613,0.0,72.86877203034436
1,1,0,19.43627948716562,16.45142226305573,0.0,95.57969621446702,217.69917286132753,1,0.489083937992591,2.5361473826367775,90.09795350258203
1,1,0,19.8238121393899,11.054439545695365,0.0,94.12139634141644,193.78760772668593,1,0.2959864549706106,2.653469639236016,71.59326021580469
1,1,0,11.897878099432203,17.641507041123237,0.0,92.26438012387518,230.32737825748552,1,0.1063155509605522,3.0328233613589184,113.29261317487871
1,1,0,17.666223558916077,44.010856138580124,0.0,8.237549737810745,224.1353504052101,0,-0.1998948091741606,0.0,161.26553752871436
1,1,0,12.91400933270355,14.239021462858839,0.0,94.54474179032493,185.11131394906707,1,0.35142513162013866,2.5499905660260986,65.84912312000047
1,1,0,12.235395881020558,11.040168479005924,0.0,94.95858228096519,208.65505448823293,1,0.42323274336317207,2.613256411798624,94.18769054994218
1,1,1,29.933295399871408,23.14053645154548,34.72233548193175,93.51777989179463,247.07591667088354,0,-0.19737817582312736,0.0,68.45610815019687
1,1,1,14.672457512496969,11.700061321536277,30.204319085443245,95.67873719953168,263.0603507552753,0,-0.1068674361219526,2.520996010201636,115.5618063769956
1,1,1,19.822718239176808,19.508147099511206,39.27141110302872,95.30659693569338,250.30920730389218,0,-0.14877461538045308,2.4668386678213863,79.45124487522821
1,1,1,10.135852894129274,17.155162046297555,33.427107437281265,94.78900385674154,283.6444659833385,0,-0.19579381047111638,0.0,133.93404380383822
1,1,1,43.412146757324315,34.63317312265347,46.934745423582974,65.88697833373273,303.4195804655982,0,-0.19931393517505905,0.0,117.81555435097361
1,1,1,18.968497678748797,10.432817944137042,32.67647576638586,93.5553044795385,212.81016430061183,0,-0.19782328339763608,0.0,59.257117472311684
1,1,1,11.768913140621887,18.734733944769843,30.250015041638846,92.72743776854855,280.99982286240464,0,-0.19718059466791965,0.0,133.16392677812956
1,1,1,12.233108614498688,12.583531108039859,39.6747167445912,95.05060834325427,239.17983243451857,0,-0.1633647203575791,2.4579697396007965,82.64973671346765
1,1,1,38.27370961378047,25.041226019994966,44.39809165378149,29.544611728101554,196.43074990426086,0,-0.19994599381057707,0.0,61.13846496002684
1,1,1,10.196998861723452,12.956857332332284,38.603441040953825,95.56492337747153,270.65538153262514,0,-0.11455363953882994,2.5552331378195134,118.21919541471138
1,1,1,17.47886350661548,11.94628714450964,33.54262131695445,95.59693300162438,311.33852388543204,0,-0.10265156948910409,2.7650805700496863,161.00588148040063
1,1,1,14.430548693718816,17.759746287936963,39.33446733605726,95.98800904597752,218.65639327650865,0,-0.06552728986476349,2.274959025257182,53.0831616804443
1,1,1,36.16282546854972,25.599183193123118,39.30167189930662,46.191861136280785,216.3423249920545,0,-0.19977937462742523,0.0,71.30355422855959
1,1,1,15.94690490727937,19.575045946085726,38.68075522467681,95.59582670195203,234.0602699604759,0,-0.11100922093373058,2.3779445951816847,66.68688188674588
1,1,1,12.62294718670352,18.705832062680923,37.88087118388792,95.4055089049352,231.47047327645907,0,-0.1265755400162313,2.388561262888217,69.29480203010534
1,1,1,12.861579677780014,12.402995631049668,38.70620374914294,95.67768917444022,228.2407878089747,0,-0.09775764847242246,2.3525877443506658,71.14302988247367
1,1,1,20.697978440100666,20.666045519373768,35.20141168814461,51.552080768512496,192.44935568421857,0,-0.1997451146322508,0.0,65.98691171153266
1,1,1,14.091919842142905,15.631618375971579,35.503084796648245,95.57009603857841,284.32387416169155,0,-0.11906249211784935,2.611588994430565,129.21601317020702
1,1,1,18.327257388539802,15.684272365422562,36.68687812972774,95.40620924398151,233.38191714821306,0,-0.13264674549666394,2.3965762169095046,69.85102159163735
1,1,1,19.196375186822227,18.81255021766983,38.077449377766854,93.51976592030428,249.85590816631068,0,-0.19731926172533548,0.0,83.36608150434081
1,1,1,16.92474972346477,40.37496523557644,47.81869360915869,16.08444165325973,278.91996594532054,0,-0.1999605518398479,0.0,165.2487561981673
1,1,1,16.941705530921638,10.365213788489307,39.16926616501665,93.91659298150444,215.08923271501448,0,-0.19767008489446458,0.0,56.73144558177881
1,1,1,16.069979680097198,13.972353275432814,38.06600388996317,94.66532375299653,275.8304656969374,0,-0.19611511918057797,0.0,118.0634649800096
1,1,1,12.511514169829809,10.638516313484676,38.79959321418929,95.74260087389014,265.3308632565844,0,-0.09753168022799127,2.5130971559447346,112.25062086120892
1,1,1,46.87041609600171,38.251779670992946,42.1164410013379,41.90504601793078,226.69008094123578,0,-0.19981463402752084,0.0,59.68961039424594
1,1,1,13.935980516271208,12.844559548117644,36.34163197675556,95.24711892680097,261.43031356345153,0,-0.15214235770257484,2.5402840727529874,107.35903347487086
1,1,1,16.639456964821388,16.139018505573517,32.5624188436277,93.50518422554383,292.2684304515991,0,-0.19662390528460363,0.0,139.79056590306078
1,1,1,19.46024031902028,11.81201539106151,30.10575845903728,95.84584271364983,294.3366688791714,0,-0.08603610321583138,2.6493020174781843,144.02056461277093
1,1,1,40.26330547745505,10.823803875796273,32.25623252360872,71.14867670438335,305.5449583935327,0,-0.19915589875472609,0.0,159.06002236104652
1,1,1,16.282288982304532,19.12843703637705,30.59175415775264,95.56659847441773,296.71314930207194,0,-0.11885978681752271,2.6719710854398406,141.75182457184016
1,1,1,16.288678867346448,14.294731379833562,37.04947940664821,92.97566864334725,268.57146300757836,0,-0.19725933057206108,0.0,112.52824262413988
1,1,1,18.337755341168045,12.122743972862045,30.74330934063782,92.98653876995428,248.64337274170066,0,-0.19752856672808156,0.0,98.1887955886495
1,1,1,33.45095059043569,45.0858870046695,47.095126835292035,96.87400031517784,297.6464804201324,1,0.002113628271290779,2.440516143943679,78.95070813559728
1,1,1,14.502576008260048,11.41878969346337,39.55780398114536,92.9150488010403,262.46090462268694,0,-0.19736349264361766,0.0,108.37119421455958
1,1,1,12.644667073933869,18.168249423825543,32.0077407951138,93.68313818536029,208.44812299227036,0,-0.1978435753486812,0.0,53.713619571904324
1,1,1,18.573374701038546,17.646001468940756,37.34445386046495,95.98855528865325,254.06045970272987,0,-0.08041778597592562,2.4222527373692753,87.94354582831647
1,1,1,17.142271808823338,34.3816311130889,35.74593587352978,51.29390562209871,240.61037650607182,0,-0.1994599872293677,0.18713972655575437,105.38371296091289
1,1,1,15.635275239625386,19.213762366546824,38.10200791938112,93.66059821887472,288.6623931062756,0,-0.196598371359403,0.0,127.61690636168923
1,1,1,18.605220192314203,17.739772280113574,35.513885894279426,95.59738125909675,244.99099285520947,0,-0.11856128644035441,2.4254960438626165,80.57561541544919
1,1,1,11.059553557806511,12.721248849060219,36.57512972363109,93.51650561689156,235.71082220859492,0,-0.1975135626553572,0.0,84.81196546282472
1,1,1,26.088355375462477,17.681463961505592,31.87064067027386,4.908082975988959,269.2239539115975,0,-0.20001319638417459,0.0,199.0514140751571
1,1,1,13.241100089610427,14.568574776619954,39.351933358149864,94.50666080492982,287.76598761069584,0,-0.1959684226430226,0.0,131.94209297258007
1,1,1,17.62329000014563,19.537102160318838,30.668205817615036,93.53656724979906,306.41691455085146,0,-0.196338491446438,0.0,152.41267026364625
1,1,1,14.644333079870261,19.478000944320634,31.848613779236953,92.24098277847622,299.1494885327711,0,-0.19712507366634938,0.0,147.74916694186
1,1,1,26.450124296393373,30.331005937985935,48.725514367106875,21.942936110391454,308.9114081092556,0,-0.19990226832886215,0.0,191.60610622937187
1,1,1,13.965500244851949,12.474182950186577,32.337042055880275,94.07379528023907,241.63618174866227,0,-0.19719071222369375,0.0,92.15923902025575
1,1,1,18.86100442542137,10.508021082635869,30.439758211685103,92.61113906424526,260.25227228268943,0,-0.19750122618766136,0.0,112.37194572370805
1,1,1,12.462764524863497,19.977580919818514,33.30787676263628,95.7865080524682,245.03330111677923,0,-0.09526671438025092,2.4130117455560325,86.6575807427419
1,1,1,18.902256806702255,10.09660914104459,34.35100952033313,32.15030803137275,237.92317238395947,0,-0.1987272445619722,0.22330023115894304,148.30458639071358
1,1,1,14.471716367831402,15.483445517489058,34.7414865990893,92.13145524971166,214.7923395236932,0,-0.19814198104587252,0.0,59.933469726208486
1,1,1,19.620190173330492,10.274149116892765,37.34058385399336,93.9054903694257,273.84317043392156,0,-0.19671925605303625,0.0,117.76372868465066
1,1,1,13.325014181966496,13.701379678009838,35.167798929817856,95.63863359824722,223.03628362532027,0,-0.10273238878308422,2.335921611674461,67.57945845943092
1,1,1,13.434553076056064,11.530266020469977,47.63136164493766,31.373568529459185,195.0027474986933,0,-0.19646760441866534,0.1789188402567106,93.83703238332589
1,1,1,15.964225678980636,18.448953632744278,35.9954733225435,92.60684669086645,233.417422468489,0,-0.1978344580591855,0.0,72.91642474697953
1,1,1,15.25112300287438,15.83497024270475,38.78401441987401,95.86897176987607,301.1521415542093,0,-0.08538924811786151,2.6506336517806792,142.15281609678513
1,1,1,11.112968065848662,11.219426437183227,33.01432362518905,93.23871848866209,273.59051608096524,0,-0.19706565736162387,0.0,130.5109921769452
1,1,1,13.041348805339474,14.445764619395142,43.12641224351316,67.27889540931407,274.3148430717818,0,-0.1993322250709385,0.0,142.1208718867052
1,1,1,12.11811225220115,17.41453328346864,31.925521297919413,94.12300954977592,213.8976528333289,0,-0.19761678184889372,0.0,60.307476409846196
1,1,1,14.312750193515702,18.341779017536048,36.606400193010394,93.78075435970214,215.67316982380453,0,-0.19771361555705344,0.0,54.494150513344884
1,1,1,18.050184175551546,16.570225355875845,34.399488385763235,95.47708944712551,271.9020473761155,0,-0.13497413329337907,2.554794974639589,112.09850488096784
1,1,1,49.22308810841023,36.57545486273615,47.99802737763672,55.0409236464806,274.25636610136394,0,-0.19958457015167383,0.0,89.07507736403933
1,1,1,17.89224065049724,17.15546031495526,39.36235824563234,93.48814783389079,241.93016273082492,0,-0.19744569000142403,0.0,76.83303987372419
1,1,1,19.11894497536437,14.11490755337228,38.343518045829875,93.68563550265651,224.29389357533714,0,-0.1976253233853154,0.0,61.23423132472438
1,1,1,12.772541816592055,12.134939469560386,34.31430907029779,92.64632518231377,290.0921990970989,0,-0.19708223847401693,0.0,144.79188224981348
1,1,1,12.952173892182284,37.2071986582155,36.076732239451346,19.82207446099532,212.0231977541068,0,-0.19717450023466138,0.18965532223648127,109.44310172541907
1,1,1,16.896615159169247,10.179813832865472,38.64817371002709,94.27120684680187,210.58130439836444,0,-0.19760577871132173,0.0,52.49006746361042
1,1,1,12.083385931715604,16.54732524325815,36.29330730606031,93.27246294765612,223.79210839757312,0,-0.1977617185910273,0.0,67.8618647452825
1,1,1,14.63440842302319,19.104720558598704,35.383078291169184,95.36028034996225,264.97511277551206,0,-0.14416524445444834,2.5343014295001707,104.64825302699394
1,1,1,32.48451854009352,29.58639664491138,43.61257262036945,49.15279884886571,276.40050601056953,0,-0.19966658457067957,0.0,126.71738166643769
1,1,1,11.820632216008157,13.223148169541462,38.731784741608855,93.5809051875831,292.11719094625425,0,-0.19657496833650168,0.0,141.14784828102046
1,1,1,19.379557837447695,15.784684838991762,31.018639609025445,95.02772813689407,268.3321292347848,0,-0.1827616861438242,2.5862751859789537,111.76987648573406
1,1,1,16.22502828775713,14.094642590903467,34.416290468808334,95.28281339123892,302.31039857276534,0,-0.14524502836603265,2.7352851926525985,149.52398531916748
1,1,1,48.68959598602962,41.16629956577431,30.065294329375433,15.050616162715968,257.7840704327434,0,-0.19998161776280887,0.0,128.58781533426088
1,1,1,19.552852451253305,10.814466258347286,35.14935235856435,93.58590235944348,233.5650127175083,0,-0.19752678729669254,0.0,77.29110041975503
1,1,1,12.685574512845047,12.70756151386488,32.383641852513286,92.41264434914925,253.32729520012077,0,-0.19764405370599641,0.0,107.19738992598207
1,1,1,14.459476068335105,17.129351544802585,36.399361962616055,95.81119234912026,224.5437215793991,0,-0.08676622575888401,2.3211160083902294,62.98602608673759
1,1,1,15.852721982712271,30.743573453496637,38.827497194676226,37.94344578016863,282.10410859358547,0,-0.19979209262845268,0.0,165.98338472586065
1,1,1,17.0968918342676,15.618262396619077,36.21459174995631,94.32741718996245,269.81009565686924,0,-0.19652385790202398,0.0,111.11617556788073
1,1,1,12.036335096959089,14.002204459386054,30.701933376013386,93.69730988507729,209.84553840356946,0,-0.1978166862717338,0.0,61.41361158427464
1,1,1,18.617746582826108,13.188119611645249,33.807259420101374,95.20811727174407,254.07863195347076,0,-0.16022918341613385,2.508102642961186,97.08502628442281
1,1,1,12.003481154521563,18.70309429437489,42.21743561803597,19.93645782777075,212.28849797042045,0,-0.19504916323879135,0.20189948015147027,123.6570635979509
1,1,1,16.229345476910932,14.945851616732494,32.69101066091534,94.23679891631711,264.0216413900883,0,-0.19670000415513453,0.0,110.35821916548387
1,1,1,18.63301939732046,16.95960446410046,32.169788440156104,95.66333099802821,218.29214019550264,0,-0.10482603689170554,2.3115055773195863,56.93087526400187
1,1,1,17.884651066349775,10.749596145781162,34.56048967453947,94.02302110728702,299.29972648593974,0,-0.1961209857461984,0.0,149.28565679249851
1,1,1,43.46102568729948,31.85537001713575,31.030721749514285,42.997753551781926,229.3317772733711,0,-0.1997996901448932,0.0,82.82934129583984
1,1,1,19.954944175783744,16.80718910901353,34.05056047191167,93.45926438680809,281.9844997654521,0,-0.1968343678633107,0.0,123.05137278362236
1,1,1,10.957797758504164,18.170178172032596,36.70900537895493,93.74119244708322,274.3005646221489,0,-0.1968045490777151,0.0,119.58610692329341
1,1,1,14.390181755436513,18.250744905605202,32.03671571589072,94.00326699332778,310.3544593312159,0,-0.19588587174998645,0.0,159.52099292847862
1,1,1,43.09806079868953,46.07699802864748,43.49936053111205,58.90720068267261,257.0551192992822,0,-0.19954682593679762,0.0,68.00725056002996
1,1,1,13.691331599691956,17.699000587868145,35.526862604491996,92.65595124643603,288.2423245595724,0,-0.19710935964848214,0.0,134.5468611051579
1,1,1,10.414634721534728,19.311272915305643,36.51805173477362,94.22444350586187,234.34029886302392,0,-0.19724309452074984,0.0,76.48805467348966
1,1,1,18.25031029012872,10.067822910416314,30.15913393803841,94.08125904158113,218.8326967745839,0,-0.19755724028315738,0.0,68.69083161861094
1,1,1,26.062072069673967,31.463935607771273,30.875469750954537,98.30609557517522,269.9129729457116,1,0.1394029927573356,2.1932201606720914,86.93637771808638
1,1,1,10.98893189981991,17.38610199038948,35.329007494418875,94.74778683324807,277.97530227284966,0,-0.1959834217448792,0.0,124.7549347625516
1,1,1,17.148753941127378,14.977744520510274,38.146039133839324,92.18583171745858,295.0608745763666,0,-0.19720205665465587,0.0,138.94087409516612
1,1,1,18.92861754518454,10.082343771400607,34.76920596743505,92.48630704647978,250.01873834434278,0,-0.19766653304889312,0.0,97.49737903629
1,1,1,13.567733845469876,45.48179018847983,33.672849428405996,66.81960030151893,266.6825966295705,0,-0.19936241031785876,0.0,110.91380279387263
1,1,1,13.2081837803005,12.14469939220378,39.15240396431613,92.15918623808777,213.06810505625577,0,-0.19815052749878076,0.0,58.35183813513788
1,1,1,13.26714219277861,15.841701473648119,33.69191045045504,92.44545344089677,255.51043024899326,0,-0.19761106308746937,0.0,104.18505923036012
1,1,1,19.218090547805275,14.032282656721364,36.790799421387874,95.81158537136531,258.8689701480839,0,-0.0989928604998838,2.464921838863548,96.92202560686346
